{"cameraMode":{"drawMode":0,"name":"Shaded","section":"Shading Mode"},"sceneLighting":false,"audioPlay":false,"sceneViewState":{"m_AlwaysRefresh":false,"showFog":true,"showSkybox":false,"showFlares":true,"showImageEffects":true,"showParticleSystems":true,"showVisualEffectGraphs":true,"m_FxEnabled":false},"in2DMode":false,"pivot":{"x":-0.05860712006688118,"y":3.464820146560669,"z":0.9475052356719971},"rotation":{"x":-0.019037963822484018,"y":-0.2160465568304062,"z":0.004213621374219656,"w":-0.9761897921562195},"size":0.3179209232330322,"orthographic":false}