{"cameraMode":{"drawMode":0,"name":"Shaded","section":"Shading Mode"},"sceneLighting":true,"audioPlay":false,"sceneViewState":{"m_AlwaysRefresh":false,"showFog":true,"showSkybox":true,"showFlares":true,"showImageEffects":true,"showParticleSystems":true,"showVisualEffectGraphs":true,"m_FxEnabled":false},"in2DMode":false,"pivot":{"x":35.36408233642578,"y":1.0289705991744996,"z":45.011695861816409},"rotation":{"x":-0.00004450280903256498,"y":-0.9998074769973755,"z":0.02099844440817833,"w":-0.0006184836383908987},"size":4.986031532287598,"orthographic":false}