{"cameraMode":{"drawMode":0,"name":"Shaded","section":"Shading Mode"},"sceneLighting":true,"audioPlay":false,"sceneViewState":{"m_AlwaysRefresh":false,"showFog":true,"showSkybox":false,"showFlares":true,"showImageEffects":true,"showParticleSystems":true,"showVisualEffectGraphs":true,"m_FxEnabled":false},"in2DMode":false,"pivot":{"x":20.10099983215332,"y":1.9900000095367432,"z":-23.469999313354493},"rotation":{"x":0.010612167418003083,"y":0.9610322117805481,"z":-0.2737484872341156,"w":0.03722013533115387},"size":0.3535533845424652,"orthographic":false}