{"cameraMode":{"drawMode":0,"name":"Shaded","section":"Shading Mode"},"sceneLighting":false,"audioPlay":false,"sceneViewState":{"m_AlwaysRefresh":false,"showFog":true,"showSkybox":false,"showFlares":true,"showImageEffects":true,"showParticleSystems":true,"showVisualEffectGraphs":true,"m_FxEnabled":false},"in2DMode":false,"pivot":{"x":-1.104935646057129,"y":1.1640349626541138,"z":-0.5802221894264221},"rotation":{"x":-0.011874827556312085,"y":-0.6941708922386169,"z":-0.011454880237579346,"w":0.7196222543716431},"size":0.7289807200431824,"orthographic":false}