{"cameraMode":{"drawMode":0,"name":"Shaded","section":"Shading Mode"},"sceneLighting":false,"audioPlay":false,"sceneViewState":{"m_AlwaysRefresh":false,"showFog":true,"showSkybox":false,"showFlares":true,"showImageEffects":true,"showParticleSystems":true,"showVisualEffectGraphs":true,"m_FxEnabled":false},"in2DMode":false,"pivot":{"x":1.503000020980835,"y":0.4051111340522766,"z":-1.634000301361084},"rotation":{"x":-0.04581468179821968,"y":-0.3772326111793518,"z":0.018688460811972619,"w":-0.9247973561286926},"size":0.05410924553871155,"orthographic":false}