{"cameraMode":{"drawMode":0,"name":"Shaded","section":"Shading Mode"},"sceneLighting":false,"audioPlay":false,"sceneViewState":{"m_AlwaysRefresh":false,"showFog":true,"showSkybox":false,"showFlares":true,"showImageEffects":true,"showParticleSystems":true,"showVisualEffectGraphs":true,"m_FxEnabled":false},"in2DMode":false,"pivot":{"x":10.666425704956055,"y":1.3283300399780274,"z":-0.46287891268730166},"rotation":{"x":-0.04581468179821968,"y":-0.3772326111793518,"z":0.018688460811972619,"w":-0.9247973561286926},"size":0.09875577688217163,"orthographic":false}