{"cameraMode":{"drawMode":0,"name":"Shaded","section":"Shading Mode"},"sceneLighting":false,"audioPlay":false,"sceneViewState":{"m_AlwaysRefresh":false,"showFog":true,"showSkybox":false,"showFlares":true,"showImageEffects":true,"showParticleSystems":true,"showVisualEffectGraphs":true,"m_FxEnabled":false},"in2DMode":false,"pivot":{"x":-0.1744023859500885,"y":1.5696358680725098,"z":1.2216765880584717},"rotation":{"x":0.00019247191085014492,"y":0.9968042373657227,"z":0.08001621812582016,"w":-0.002381572499871254},"size":0.684226393699646,"orthographic":false}