{"cameraMode":{"drawMode":0,"name":"Shaded","section":"Shading Mode"},"sceneLighting":false,"audioPlay":false,"sceneViewState":{"m_AlwaysRefresh":false,"showFog":true,"showSkybox":false,"showFlares":true,"showImageEffects":true,"showParticleSystems":true,"showVisualEffectGraphs":true,"m_FxEnabled":false},"in2DMode":false,"pivot":{"x":-0.04412555694580078,"y":-0.03990316390991211,"z":0.009407997131347657},"rotation":{"x":-0.04581468179821968,"y":-0.3772326111793518,"z":0.018688460811972619,"w":-0.9247973561286926},"size":4.468681812286377,"orthographic":false}